Constituency,First name,Last name,Flink
Hackney North and Stoke Newington,Diane,Abbott,https://facebook.com/Dianeabbott
Oldham East and Saddleworth,Debbie,Abrahams,
Selby and Ainsty,Nigel,Adams,https://facebook.com/nigel.adamsmp
Hitchin and Harpenden,Bim,Afolami,
Windsor,Adam,Afriyie,https://facebook.com/adamafriyieofficial
Cities of London and Westminster,Nickie,Aiken,
Waveney,Peter,Aldous,https://facebook.com/peteraldouswaveney
Bethnal Green and Bow,Rushanara,Ali,https://facebook.com/Rushanara-Ali-37684209618
"Birmingham, Hall Green",Tahir,Ali,
Telford,Lucy,Allan,https://facebook.com/LucyAllanForTelford
Tooting,Rosena,Allin-Khan,https://facebook.com/DrRosena
Weaver Vale,Mike,Amesbury,
Putney,Fleur,Anderson,
Ashfield,Lee,Anderson,
Wolverhampton South West,Stuart,Anderson,
Pudsey,Stuart,Andrew,https://facebook.com/StuartAndrewPudsey
Eastbourne,Caroline,Ansell,https://facebook.com/CarolineAnsellEastbourne
Gower,Tonia,Antoniazzi,https://facebook.com/ToniaForGower
Charnwood,Edward,Argar,
Leicester South,Jon,Ashworth,https://facebook.com/JonAshworthMP
Wrexham,Sarah,Atherton,
Louth and Horncastle,Victoria,Atkins,https://facebook.com/VoteVictoriaAtkins
Orpington,Gareth,Bacon,
South Norfolk,Richard,Bacon,https://facebook.com/Bacon4SouthNorfolk
Saffron Walden,Kemi,Badenoch,
West Bromwich West,Shaun,Bailey,
Stroud,Siobhan,Baillie,
North Norfolk,Duncan,Baker,
Wycombe,Steven,Baker,https://facebook.com/SteveBakerWycombe
West Worcestershire,Harriett,Baldwin,https://facebook.com/harriettbaldwin
North East Cambridgeshire,Steve,Barclay,https://facebook.com/stevebarclaymp
Livingston,Hannah,Bardell,https://facebook.com/hannah.bardell.5
"Liverpool, Wavertree",Paula,Barker,
Basildon and Billericay,John,Baron,
Clwyd South,Simon,Baynes,
Derby South,Margaret,Beckett,
West Tyrone,Órfhlaith,Begley,
Poplar and Limehouse,Apsana,Begum,
Newcastle-under-Lyme,Aaron,Bell,
Leeds Central,Hilary,Benn,https://facebook.com/hilarybenn4leedscentral
Blackpool South,Scott,Benton,
Mole Valley,Paul,Beresford,https://facebook.com/SirPaulBeresford
Rossendale and Darwen,Jake,Berry,https://facebook.com/jakeberryofficial
Sheffield South East,Clive,Betts,https://facebook.com/clive.betts.sheffieldse
Meriden,Saqib,Bhatti,
Paisley and Renfrewshire South,Mhairi,Black,https://facebook.com/Mhairi.Black.SNP
"Ross, Skye and Lochaber",Ian,Blackford,https://facebook.com/IanBlackford.SNP
Harrow East,Bob,Blackman,https://facebook.com/bobblackmanofficial
Aberdeen North,Kirsty,Blackman,https://facebook.com/aberdeennorth
"Sheffield, Hallam",Olivia,Blake,
Sheffield Central,Paul,Blomfield,https://facebook.com/paulblomfieldmp
Reigate,Crispin,Blunt,https://facebook.com/crispinbluntreigate
Wellingborough,Peter,Bone,https://facebook.com/PeterBoneOfficial
"Coatbridge, Chryston and Bellshill",Steven,Bonnar,
Worthing West,Peter,Bottomley,https://facebook.com/Sir-Peter-Bottomley-MP-293136030810246
West Aberdeenshire and Kincardine,Andrew,Bowie,
Mansfield,Ben,Bradley,https://facebook.com/benbradleymansfield
Staffordshire Moorlands,Karen,Bradley,https://facebook.com/votekarenbradley
Exeter,Ben,Bradshaw,https://facebook.com/BenPBradshaw
Altrincham and Sale West,Graham,Brady,https://facebook.com/voteforAltSaleWest
Newry and Armagh,Mickey,Brady,https://facebook.com/mickey.brady.52
Fareham,Suella,Braverman,https://facebook.com/SuellaBravermanOfficial
Cardiff West,Kevin,Brennan,https://facebook.com/kevinbrennanpage
Stoke-on-Trent South,Jack,Brereton,https://facebook.com/jackbreretonforstoke
North West Leicestershire,Andrew,Bridgen,
Winchester,Steve,Brine,https://facebook.com/Steve-Brine-MP-for-Winchester-Chandlers-Ford-245990448763142
Peterborough,Paul,Bristow,
Hyndburn,Sara,Britcliffe,
Edinburgh North and Leith,Deidre,Brock,https://facebook.com/DeidreBrockSNP
Kilmarnock and Loudoun,Alan,Brown,
West Ham,Lyn,Brown,
Newcastle upon Tyne East,Nick,Brown,
South Cambridgeshire,Anthony,Browne,
Congleton,Fiona,Bruce,https://facebook.com/fiona4congleton
Rhondda,Chris,Bryant,https://facebook.com/Chris4Rhondda
Kensington,Felicity,Buchan,
Westminster North,Karen,Buck,https://facebook.com/KarenBuck4WN
South Swindon,Robert,Buckland,https://facebook.com/robertbucklandofficial
Brentwood and Ongar,Alex,Burghart,
Leeds East,Richard,Burgon,https://facebook.com/RichardBurgonForEastLeeds
Bournemouth West,Conor,Burns,https://facebook.com/conorburnsuk
Brent Central,Dawn,Butler,https://facebook.com/DawnButlerBrent
Aylesbury,Rob,Butler,
"Liverpool, West Derby",Ian,Byrne,
"Birmingham, Hodge Hill",Liam,Byrne,https://facebook.com/LiamByrneHodgeHill
Brentford and Isleworth,Ruth,Cadbury,https://facebook.com/RuthCadburywin2017
Vale of Glamorgan,Alun,Cairns,https://facebook.com/aluncairns
East Dunbartonshire,Amy,Callaghan,
"East Kilbride, Strathaven and Lesmahagow",Lisa,Cameron,https://facebook.com/lisacameronsnp
Tynemouth,Alan,Campbell,https://facebook.com/AlanCampbellMP
East Londonderry,Gregory,Campbell,https://facebook.com/gregory.campbell.549
"Liverpool, Walton",Dan,Carden,
Orkney and Shetland,Alistair,Carmichael,https://facebook.com/AlistairForOrkneyandShetland
Warrington South,Andy,Carter,
South Suffolk,James,Cartlidge,https://facebook.com/james4southsuffolk
Stone,Bill,Cash,
Penistone and Stocksbridge,Miriam,Cates,
Lewes,Maria,Caulfield,https://facebook.com/mariacaulfieldlewes
Cheltenham,Alex,Chalk,https://facebook.com/alexchalkchelt
North East Fife,Wendy,Chamberlain,
Rotherham,Sarah,Champion,https://facebook.com/sarahforrotherham
Dunfermline and West Fife,Douglas,Chapman,https://facebook.com/DougChapmanSNP
"Enfield, Southgate",Bambos,Charalambous,
Edinburgh South West,Joanna,Cherry,https://facebook.com/JoannaCherryMP
Gillingham and Rainham,Rehman,Chishti,https://facebook.com/RehmanChishti
Christchurch,Christopher,Chope,
Bury St Edmunds,Jo,Churchill,https://facebook.com/Jo-Churchill-1518690448393113
Enfield North,Feryal,Clark,
Tunbridge Wells,Greg,Clark,
Middlesbrough South and East Cleveland,Simon,Clarke,https://facebook.com/simon4MSEC
Stafford,Theo,Clarke,
Bassetlaw,Brendan,Clarke-Smith,
Heywood and Middleton,Chris,Clarkson,
Braintree,James,Cleverly,https://facebook.com/james.cleverly
The Cotswolds,Geoffrey,Clifton-Brown,https://facebook.com/geoffreycliftonbrown
Suffolk Coastal,Therese,Coffey,https://facebook.com/ThereseCoffey
Carshalton and Wallington,Elliot,Colburn,
Folkestone and Hythe,Damian,Collins,https://facebook.com/damiancollins4mp
St Albans,Daisy,Cooper,
"Normanton, Pontefract and Castleford",Yvette,Cooper,https://facebook.com/YvetteCooperMP
Islington North,Jeremy,Corbyn,https://facebook.com/JeremyCorbynMP
South Leicestershire,Alberto,Costa,https://facebook.com/AlbertoCostaOfficial
Witney,Robert,Courts,
East Surrey,Claire,Coutinho,
Inverclyde,Ronnie,Cowan,https://facebook.com/RonnieCowanSNP
Torridge and West Devon,Geoffrey,Cox,
Bermondsey and Old Southwark,Neil,Coyle,https://facebook.com/NeilCoyleMP
Preseli Pembrokeshire,Stephen,Crabb,https://facebook.com/StephenCrabbPembs
Lanark and Hamilton East,Angela,Crawley,https://facebook.com/Angela-Crawley-for-Westminster-Lanark-Hamilton-East-404900139669473
Walthamstow,Stella,Creasy,https://facebook.com/stellacreasy
Ynys Môn,Virginia,Crosbie,
Chatham and Aylesford,Tracey,Crouch,https://facebook.com/TraceyCrouchMp
Dagenham and Rainham,Jon,Cruddas,https://facebook.com/JonCruddas
Leyton and Wanstead,John,Cryer,
Bradford South,Judith,Cummins,https://facebook.com/JudithCumminsMP
Stockton North,Alex,Cunningham,https://facebook.com/acunninghammp
Lewisham East,Janet,Daby,https://facebook.com/jdaby1
West Lancashire,Ashley,Dalton,
Bury North,James,Daly,
Kingston and Surbiton,Edward,Davey,
Caerphilly,Wayne,David,https://facebook.com/waynedavidforcaerphilly
Monmouth,David,Davies,https://facebook.com/davidtcdavies
Grantham and Stamford,Gareth,Davies,
Swansea West,Geraint,Davies,https://facebook.com/GeraintDaviesMP
Vale of Clwyd,James,Davies,https://facebook.com/jamesdavies4mp
Mid Sussex,Mims,Davies,https://facebook.com/Mims4Eastleigh
Shipley,Philip,Davies,
Pontypridd,Alex,Davies-Jones,
Haltemprice and Howden,David,Davis,
Bishop Auckland,Dehenna,Davison,
Linlithgow and East Falkirk,Martyn,Day,https://facebook.com/MartynDaySNP
Battersea,Marsha,de Cordova,https://facebook.com/marsha4battersea
Bristol West,Thangam,Debbonaire,https://facebook.com/debbonaire
Slough,Tan,Dhesi,https://facebook.com/tandhesi
Gosport,Caroline,Dinenage,https://facebook.com/Caroline4Gosport
Derbyshire Dales,Sarah,Dines,
City of Chester,Samantha,Dixon,
Huntingdon,Jonathan,Djanogly,https://facebook.com/JonathanDjanogly
Aldershot,Leo,Docherty,https://facebook.com/pg/LeoDocherty4Aldershot
West Dunbartonshire,Martin,Docherty,https://facebook.com/MartinDochertySNP
Oxford East,Anneliese,Dodds,
Lagan Valley,Jeffrey M.,Donaldson,https://facebook.com/jeffrey.donaldson1
Chippenham,Michelle,Donelan,https://facebook.com/MichelleDonelanChippenham
Angus,Dave,Doogan,
"Ayr, Carrick and Cumnock",Allan,Dorans,
Mid Bedfordshire,Nadine,Dorries,
St Austell and Newquay,Steve,Double,https://facebook.com/stevedouble2015
Cardiff South and Penarth,Stephen,Doughty,https://facebook.com/StephenDoughtyMP
Bootle,Peter,Dowd,https://facebook.com/PeterDowdBootle
Hertsmere,Oliver,Dowden,https://facebook.com/oliverdowdenhertsmere
Thurrock,Jackie,Doyle-Price,https://facebook.com/jackiedp
South Dorset,Richard,Drax,https://facebook.com/draxmp2017
Meon Valley,Flick,Drummond,https://facebook.com/PortsmouthConservatives
Rochford and Southend East,James,Duddridge,https://facebook.com/jamespduddridge
Canterbury,Rosie,Duffield,
Banff and Buchan,David,Duguid,https://facebook.com/DavidDuguidMP
Chingford and Woodford Green,Iain,Duncan Smith,https://facebook.com/iainduncansmithmp
Ludlow,Philip,Dunne,https://facebook.com/Dunne4Ludlow
Wallasey,Angela,Eagle,https://facebook.com/angela4labour
Garston and Halewood,Maria,Eagle,https://facebook.com/Maria-Eagle-103693786335432
Foyle,Colum,Eastwood,
Dewsbury,Mark,Eastwood,
Carmarthen East and Dinefwr,Jonathan,Edwards,https://facebook.com/PlaidSirGar
Rushcliffe,Ruth,Edwards,
Eltham,Clive,Efford,https://facebook.com/clive.efford
Sunderland Central,Julie,Elliott,https://facebook.com/JulieElliottSunderland
Northampton North,Michael,Ellis,https://facebook.com/MichaelEllisNorthampton
Bournemouth East,Tobias,Ellwood,https://facebook.com/TobiasEllwood
Ogmore,Chris,Elmore,https://facebook.com/ChrisElmoreMP
Dover,Natalie,Elphicke,
Vauxhall,Florence,Eshalomi,
Sefton Central,Bill,Esterson,https://facebook.com/BillEsterson4SeftonCentral
Camborne and Redruth,George,Eustice,
Islwyn,Chris,Evans,https://facebook.com/ChrisEvansforIslwyn
Bosworth,Luke,Evans,
Ribble Valley,Nigel,Evans,https://facebook.com/Nigel-Evans-103118746394453
Bexleyheath and Crayford,David,Evennett,https://facebook.com/DavidAEvennett
Milton Keynes North,Ben,Everitt,
Lichfield,Michael,Fabricant,https://facebook.com/michael.fabricant
Newbury,Laura,Farris,
Westmorland and Lonsdale,Tim,Farron,https://facebook.com/timfarronmp
North Down,Stephen,Farry,
Barrow and Furness,Simon,Fell,
Motherwell and Wishaw,Marion,Fellows,https://facebook.com/marionfellows
Rutherglen and Hamilton West,Margaret,Ferrier,https://facebook.com/MargaretFerrierSNP
Belfast North,John,Finucane,
Southend West,Anna,Firth,
Coventry North East,Colleen,Fletcher,
South Ribble,Katherine,Fletcher,
Bolsover,Mark,Fletcher,
Don Valley,Nicholas,Fletcher,
Aberdeen South,Stephen,Flynn,
Tiverton and Honiton,Richard,Foord,
Chelmsford,Vicky,Ford,https://facebook.com/Vicky4Chelmsford
Torbay,Kevin,Foster,https://facebook.com/KevinforTorbay
Makerfield,Yvonne,Fovargue,https://facebook.com/YvonneFovargueMP
North Somerset,Liam,Fox,https://facebook.com/drliamfox
"Lewisham, Deptford",Vicky,Foxcroft,https://facebook.com/VickyFoxcroftLabour
City of Durham,Mary,Foy,
Rayleigh and Wickford,Mark,Francois,https://www.facebook.com/MarkFrancoisRayleighandWickford
South East Cambridgeshire,Lucy,Frazer,https://facebook.com/FrazerLucy
Mid Norfolk,George,Freeman,https://facebook.com/GeorgeFreemanMidNorfolk
Finchley and Golders Green,Mike,Freer,https://facebook.com/mikefreerofficial
Old Bexley and Sidcup,Louie,French,
North East Bedfordshire,Richard,Fuller,https://www.facebook.com/RichardFullerBedfordshire/
"Sheffield, Brightside and Hillsborough",Gill,Furniss,
Yeovil,Marcus,Fysh,https://facebook.com/MarcusFyshForYeovil
North Thanet,Roger,Gale,https://facebook.com/north.thanet.roger.gale
Brent North,Barry,Gardiner,
Wyre Forest,Mark,Garnier,https://facebook.com/markrtgarnier
Wealden,Nusrat,Ghani,https://facebook.com/NusGhaniofficial
Bognor Regis and Littlehampton,Nick,Gibb,https://facebook.com/nickgibbofficial
North Ayrshire and Arran,Patricia,Gibson,https://facebook.com/PatriciaGibsonSNP
Darlington,Peter,Gibson,
Stoke-on-Trent Central,Jo,Gideon,
Fermanagh and South Tyrone,Michelle,Gildernew,
"Birmingham, Edgbaston",Preet Kaur,Gill,https://facebook.com/PreetKaurGillMP
South Antrim,Paul,Girvan,
Salisbury,John,Glen,https://facebook.com/johnglenmp
North Tyneside,Mary,Glindon,
Scarborough and Whitby,Robert,Goodwill,
Surrey Heath,Michael,Gove,https://facebook.com/MichaelGove2017
Glasgow North,Patrick,Grady,https://facebook.com/PatrickGradySNP
Gloucester,Richard,Graham,https://facebook.com/richard4gloucester
Maidstone and The Weald,Helen,Grant,
Glenrothes,Peter,Grant,https://facebook.com/petergrantsnp
North Wiltshire,James,Gray,https://facebook.com/jamesgraymp
Epsom and Ewell,Chris,Grayling,https://facebook.com/Chris.Grayling.Official
Bolton West,Chris,Green,https://facebook.com/ChrisGreen4BoltonWest
Ashford,Damian,Green,https://facebook.com/DamianGreenOfficial
Chesham and Amersham,Sarah,Green,
Nottingham South,Lilian,Greenwood,https://facebook.com/liliangreenwood4labour
Wirral West,Margaret,Greenwood,https://facebook.com/margaretgreenwoodww
Arundel and South Downs,Andrew,Griffith,
Llanelli,Nia,Griffith,https://facebook.com/Nia-Griffith-MP-154165864657660
Leigh,James,Grundy,
Stoke-on-Trent North,Jonathan,Gullis,
Denton and Reddish,Andrew,Gwynne,https://facebook.com/GwynneMP
"Sheffield, Heeley",Louise,Haigh,https://facebook.com/Haigh4Heeley
Harlow,Robert,Halfon,https://facebook.com/RobertHalfon
Thornbury and Yate,Luke,Hall,https://facebook.com/LukeHallThornburyandYate
Leeds North East,Fabian,Hamilton,https://facebook.com/groups/fabiancampaign
"Birmingham, Erdington",Paulette,Hamilton,
Wimbledon,Stephen,Hammond,https://facebook.com/stephenhammond.net
West Suffolk,Matthew,Hancock,https://facebook.com/matthancockofficial
Chelsea and Fulham,Greg,Hands,https://facebook.com/greghandschelseafulham
Belfast South,Claire,Hanna,
Kirkcaldy and Cowdenbeath,Neale,Hanvey,
Kingston upon Hull West and Hessle,Emma,Hardy,
Camberwell and Peckham,Harriet,Harman,
Forest of Dean,Mark,Harper,https://facebook.com/mark.harper.fod
Swansea East,Carolyn,Harris,https://facebook.com/CarolynHarrisMPSwanseaEast
Castle Point,Rebecca,Harris,https://facebook.com/rebeccaharris4castlepoint
Copeland,Trudy,Harrison,
Hastings and Rye,Sally-Ann,Hart,
Carmarthen West and South Pembrokeshire,Simon,Hart,https://facebook.com/simon.hart.737
Dulwich and West Norwood,Helen,Hayes,
South Holland and The Deepings,John,Hayes,
South Down,Christopher,Hazzard,https://facebook.com/chris.hazzard.77
North East Hertfordshire,Oliver,Heald,
Wentworth and Dearne,John,Healey,https://facebook.com/JohnHealeyRotherham
Wells,James,Heappey,https://facebook.com/jheappey
Daventry,Chris,Heaton-Harris,https://facebook.com/chhcalling
Sittingbourne and Sheppey,Gordon,Henderson,https://facebook.com/gordonhendersonmp
Preston,Mark,Hendrick,https://facebook.com/hendrick4preston
"Inverness, Nairn, Badenoch and Strathspey",Drew,Hendry,https://facebook.com/DrewHendrySNP
Broxtowe,Darren,Henry,
Burnley,Antony,Higginbotham,
Hackney South and Shoreditch,Meg,Hillier,https://facebook.com/Meg4Hackney
East Hampshire,Damian,Hinds,https://facebook.com/damian.hinds
North Dorset,Simon,Hoare,https://facebook.com/simonhoarenorthdorset
Bath,Wera,Hobhouse,https://facebook.com/WeraHobhouse
Barking,Margaret,Hodge,https://facebook.com/MargaretHodgeBarking
Washington and Sunderland West,Sharon,Hodgson,https://facebook.com/Sharon.Hodgson.MP
North West Durham,Richard,Holden,
Blackburn,Kate,Hollern,https://facebook.com/katehollernforblackburn
Thirsk and Malton,Kevin,Hollinrake,https://facebook.com/kevin.hollinrake
Kettering,Philip,Hollobone,
Gravesham,Adam,Holloway,https://facebook.com/holloway.adam
Eastleigh,Paul,Holmes,
Luton South,Rachel,Hopkins,
Dundee East,Stewart,Hosie,https://facebook.com/StewartHosieSNP
Knowsley,George,Howarth,
Henley,John,Howell,https://facebook.com/JohnHowellOxfordshire
Sedgefield,Paul,Howell,
Chorley,Lindsay,Hoyle,https://facebook.com/LindsayHoyle4Chorley
Mid Worcestershire,Nigel,Huddleston,https://facebook.com/NigelHuddlestonPPC
Penrith and The Border,Neil,Hudson,
Walsall North,Eddie,Hughes,
Loughborough,Jane,Hunt,
South West Surrey,Jeremy,Hunt,https://facebook.com/jeremyhuntsws
Ipswich,Tom,Hunt,
Ealing Central and Acton,Rupa,Huq,https://facebook.com/rupa4labour
Bradford East,Imran,Hussain,https://facebook.com/Imran-Hussain-MP
Dumfries and Galloway,Alister,Jack,
Edinburgh West,Christine,Jardine,https://facebook.com/CJLibDem
Barnsley Central,Dan,Jarvis,https://facebook.com/dowjarvis
Bromsgrove,Sajid,Javid,https://facebook.com/sajidjavidbromsgrove
North East Hampshire,Ranil,Jayawardena,https://facebook.com/TellRanil
Harwich and North Essex,Bernard,Jenkin,https://facebook.com/bernardjenkin
Workington,Mark,Jenkinson,
Morley and Outwood,Andrea,Jenkyns,https://facebook.com/Andrea4morley
Newark,Robert,Jenrick,https://facebook.com/RobertJenrickNewark
Uxbridge and South Ruislip,Boris,Johnson,https://facebook.com/borisjohnson
Sleaford and North Hykeham,Caroline,Johnson,
Kingston upon Hull North,Diana R.,Johnson,https://facebook.com/DianaJohnsonHullNorth
Dartford,Gareth,Johnson,https://facebook.com/gareth.johnson.735
"Liverpool, Riverside",Kim,Johnson,
Wantage,David,Johnston,
Harrogate and Knaresborough,Andrew,Jones,
Bristol North West,Darren,Jones,https://facebook.com/darrenjonesmp
Clwyd West,David,Jones,
Brecon and Radnorshire,Fay,Jones,
Merthyr Tydfil and Rhymney,Gerald,Jones,https://facebook.com/GeraldJonesLabour
North Durham,Kevan,Jones,https://facebook.com/Kevan4NDurham
Nuneaton,Marcus,Jones,https://facebook.com/MarcusJones4Nuneaton
Newport West,Ruth,Jones,https://facebook.com/RuthNewportWest
Croydon Central,Sarah,Jones,https://facebook.com/CroydonSarah
East Devon,Simon,Jupp,
Wythenshawe and Sale East,Mike,Kane,https://facebook.com/mikekanemp
Shrewsbury and Atcham,Daniel,Kawczynski,https://facebook.com/daniel4shrews
Rutland and Melton,Alicia,Kearns,
Chichester,Gillian,Keegan,
Worsley and Eccles South,Barbara,Keeley,https://facebook.com/BarbaraKeeleyforWorsleyandEcclesSouth
Leicester West,Liz,Kendall,https://facebook.com/groups/238615108278
"Manchester, Gorton",Afzal,Khan,
Aberavon,Stephen,Kinnock,https://facebook.com/stephenkinnock
East Yorkshire,Greg,Knight,
Solihull,Julian,Knight,https://facebook.com/JulianKnightforSolihull
Burton,Kate,Kniveton,
Devizes,Danny,Kruger,
Spelthorne,Kwasi,Kwarteng,https://facebook.com/Kwasi-Kwarteng-4-Spelthorne-107861645918705
Hove,Peter,Kyle,https://facebook.com/hoveandportslade
Epping Forest,Eleanor,Laing,https://facebook.com/eleanor.laing.1
Ceredigion,Ben,Lake,
Tottenham,David,Lammy,https://facebook.com/DavidLammyTottenham
"Berwickshire, Roxburgh and Selkirk",John,Lamont,https://facebook.com/JohnLamontBorders
High Peak,Robert,Largan,
Mid Derbyshire,Pauline,Latham,https://facebook.com/pauline.latham.31
Wansbeck,Ian,Lavery,https://facebook.com/IanLaveryMP
Dundee West,Chris,Law,https://facebook.com/ChrisLawSNP
Batley and Spen,Kim,Leadbeater,
South Northamptonshire,Andrea,Leadsom,https://facebook.com/andrealeadsom
Gainsborough,Edward,Leigh,
Blyth Valley,Ian,Levy,
South Shields,Emma,Lewell-Buck,https://facebook.com/emma.lewellbuckmp
Northampton South,Andrew,Lewer,https://facebook.com/andrew4Northampton
Great Yarmouth,Brandon,Lewis,https://facebook.com/BrandonKennethLewis
Norwich South,Clive,Lewis,https://facebook.com/labourclivelewis
New Forest East,Julian,Lewis,
Bridgwater and West Somerset,Ian,Liddell-Grainger,https://facebook.com/ianliddellgrainger
Wakefield,Simon,Lightwood,
Glasgow East,David,Linden,https://facebook.com/DavidLindenMP
Rochdale,Tony,Lloyd,https://facebook.com/TonyLloydMP
Upper Bann,Carla,Lockhart,
West Dorset,Chris,Loder,
Bolton North East,Mark,Logan,
Salford and Eccles,Rebecca,Long-Bailey,https://facebook.com/Rebecca4salford
Dudley North,Marco,Longhi,
Hornchurch and Upminster,Julia,Lopez,
Filton and Bradley Stoke,Jack,Lopresti,https://facebook.com/jackloprestiofficial
Woking,Jonathan,Lord,
East Worthing and Shoreham,Tim,Loughton,https://facebook.com/TimLoughtonEWAS
"Brighton, Pavilion",Caroline,Lucas,https://facebook.com/carolinelucas.page
Halifax,Holly,Lynch,
East Lothian,Kenny,MacAskill,
South Thanet,Craig,Mackinlay,https://facebook.com/mackinlay4souththanet
Truro and Falmouth,Cherilyn,Mackrory,
Redditch,Rachel,Maclean,https://facebook.com/RedditchRachel
Na h-Eileanan an Iar,Angus,MacNeil,https://facebook.com/AngusBMacNeil
Ellesmere Port and Neston,Justin,Madders,https://facebook.com/justinmaddersforepn
"Birmingham, Perry Barr",Khalid,Mahmood,
"Birmingham, Ladywood",Shabana,Mahmood,
Havant,Alan,Mak,https://facebook.com/AlanMakHavant
Feltham and Heston,Seema,Malhotra,https://facebook.com/SeemaMalhotraMP
North West Hampshire,Kit,Malthouse,https://facebook.com/kit.malthouse
Totnes,Anthony,Mangnall,
North Cornwall,Scott,Mann,https://facebook.com/TherightMANNforNorthCornwall
Hertford and Stortford,Julie,Marson,
York Central,Rachael,Maskell,https://facebook.com/rachaelmaskell4york
Belfast West,Paul,Maskey,https://facebook.com/sfpaulmaskeymp
Maidenhead,Theresa,May,https://facebook.com/TheresaMayOfficial
Broadland,Jerome,Mayhew,
Blackpool North and Cleveleys,Paul,Maynard,https://facebook.com/paulmaynardBNC
"Birmingham, Selly Oak",Steve,McCabe,https://facebook.com/stevemccabemp
Bristol East,Kerry,McCarthy,https://facebook.com/kerry4mp
Colne Valley,Jason,McCartney,https://facebook.com/jasonmccartneymp
Lincoln,Karl,McCartney,https://facebook.com/LincolnConservatives
Mitcham and Morden,Siobhain,McDonagh,https://facebook.com/Siobhain-McDonagh-MP-1485922148331912
Middlesbrough,Andy,McDonald,https://facebook.com/AndyMcDonaldMP
Glasgow South,Stewart,McDonald,https://facebook.com/Stewart-McDonald-for-Glasgow-South-829281410428713
"Cumbernauld, Kilsyth and Kirkintilloch East",Stuart,McDonald,https://facebook.com/Stuart-McDonald-For-Cumbernauld-Kilsyth-Kirkintilloch-East-981195631909269
Hayes and Harlington,John Martin,McDonnell,https://facebook.com/johnmcdonnellmp
Wolverhampton South East,Pat,McFadden,
St Helens North,Conor,McGinn,https://facebook.com/ConorMcGinnMP
Wirral South,Alison,McGovern,https://facebook.com/alisonmcgovernforwirralsouth
Newcastle upon Tyne North,Catherine,McKinnell,https://facebook.com/CatMcKinnell
Glasgow North East,Anne,McLaughlin,https://facebook.com/AnneMcLaughlinSNP
Oldham West and Royton,Jim,McMahon,
Cardiff North,Anna,McMorrin,https://facebook.com/AnnaMcMorrinMP
Falkirk,John,McNally,https://facebook.com/JohnMcNallySNP
Stevenage,Stephen,McPartland,https://facebook.com/StephenMcPartland
Tatton,Esther,McVey,
Gateshead,Ian,Mearns,
Fylde,Mark,Menzies,https://facebook.com/fyldeca
"Plymouth, Moor View",Johnny,Mercer,https://facebook.com/JohnnyForPlymouth
Bexhill and Battle,Huw,Merriman,https://facebook.com/Huw-Merriman-324862291035860
South Basildon and East Thurrock,Stephen,Metcalfe,https://facebook.com/StephenMetcalfe4SBET
Doncaster North,Ed,Miliband,https://facebook.com/edmiliband
Aberconwy,Robin,Millar,
Basingstoke,Maria,Miller,https://facebook.com/mariamilleruk
Cannock Chase,Amanda,Milling,https://facebook.com/amanda.milling
Amber Valley,Nigel,Mills,https://facebook.com/nigelmillsmp
Stockport,Navendu,Mishra,
Sutton Coldfield,Andrew,Mitchell,
South West Hertfordshire,Gagan,Mohindra,
Mid Ulster,Francie,Molloy,
Glasgow North West,Carol,Monaghan,https://facebook.com/CarolMonaghanSNP
Southport,Damien,Moore,https://facebook.com/damienmooremp
Keighley,Robbie,Moore,
Oxford West and Abingdon,Layla,Moran,https://facebook.com/LaylaMoranUK
Portsmouth North,Penny,Mordaunt,https://facebook.com/PortsmouthConservatives
Newport East,Jessica,Morden,https://facebook.com/JessicaMorden4NewportEast
North Shropshire,Helen,Morgan,
Portsmouth South,Stephen,Morgan,https://facebook.com/StephenMorganMP
Newton Abbot,Anne Marie,Morris,https://facebook.com/annemarie.morris.NA
Morecambe and Lunesdale,David,Morris,https://facebook.com/davidmorrisml
Easington,Grahame,Morris,https://facebook.com/grahame.morris
Halesowen and Rowley Regis,James,Morris,https://facebook.com/JamesMorrisHRR
Beaconsfield,Joy,Morrissey,
Hartlepool,Jill,Mortimer,
Aldridge-Brownhills,Wendy,Morton,https://facebook.com/morton.wendy
Crewe and Nantwich,Kieran,Mullan,
Scunthorpe,Holly,Mumby-Croft,
"Dumfriesshire, Clydesdale and Tweeddale",David,Mundell,https://facebook.com/DavidMundellMP
Edinburgh South,Ian,Murray,https://facebook.com/IanMurrayMP
Ealing North,James,Murray,
South East Cornwall,Sheryll,Murray,https://facebook.com/sheryllmurrayuk
South West Wiltshire,Andrew,Murrison,https://facebook.com/andrew.murrison
Wigan,Lisa,Nandy,https://facebook.com/Lisa-Nandy-194243072092
Bromley and Chislehurst,Bob,Neill,
Paisley and Renfrewshire North,Gavin,Newlands,https://facebook.com/gavinnewlandsmp
Warrington North,Charlotte,Nichols,
Great Grimsby,Lia,Nici,
Ochil and South Perthshire,John,Nicolson,https://www.facebook.com/JohnNicolsonSNP/
Romsey and Southampton North,Caroline,Nokes,https://facebook.com/carolinenokes4RSN
Hereford and South Herefordshire,Jesse,Norman,https://facebook.com/jesse.norman.hereford
Nottingham North,Alex,Norris,
Harborough,Neil,O'Brien,https://facebook.com/neil4harborough
Argyll and Bute,Brendan,O'Hara,https://facebook.com/BrendanOHaraSNP
Hendon,Matthew,Offord,https://facebook.com/matthewofford4hendon
Richmond Park,Sarah,Olney,
Newcastle upon Tyne Central,Chi,Onwurah,
Hexham,Guy,Opperman,https://facebook.com/guyoppermanMP
Erith and Thamesmead,Abena,Oppong-Asare,
Edmonton,Kate,Osamor,https://facebook.com/KateOsamor
Jarrow,Kate,Osborne,
East Renfrewshire,Kirsten,Oswald,https://facebook.com/KirstenOswaldEastRenfrewshire
Coventry North West,Taiwo,Owatemi,
Luton North,Sarah,Owen,
North Antrim,Ian,Paisley Jnr,
Witham,Priti,Patel,
Rugby,Mark,Pawsey,https://facebook.com/Mark4Rugby
Barnsley East,Stephanie,Peacock,
Hemel Hempstead,Mike,Penning,https://facebook.com/Penning4Hemel
Greenwich and Woolwich,Matthew,Pennycook,
Weston-Super-Mare,John,Penrose,https://facebook.com/john.penrose.37
Brigg and Goole,Andrew,Percy,https://facebook.com/andrewpercy4mp
Chesterfield,Toby,Perkins,https://facebook.com/TobyPerkins4Chesterfield
"Birmingham, Yardley",Jess,Phillips,https://facebook.com/jessphillipsyardley
Houghton and Sunderland South,Bridget,Phillipson,https://facebook.com/bridgetphillipson
Croydon South,Chris,Philp,https://facebook.com/chris.philp.official
Tamworth,Christopher,Pincher,https://facebook.com/ChristopherPincher
"Plymouth, Sutton and Devonport",Luke,Pollard,https://facebook.com/LukePollard
Central Suffolk and North Ipswich,Daniel,Poulter,
Taunton Deane,Rebecca,Pow,https://facebook.com/RebeccaPow
Manchester Central,Lucy,Powell,https://facebook.com/lucy4mcr
Banbury,Victoria,Prentis,https://facebook.com/victoriaprentis
The Wrekin,Mark,Pritchard,
Corby,Tom,Pursglove,https://facebook.com/TomPursgloveOfficial
Airdrie and Shotts,Anum,Qaisar,
Horsham,Jeremy,Quin,https://facebook.com/JeremyQuinOfficial
Colchester,Will,Quince,https://facebook.com/willquincecolchester
Bolton South East,Yasmin,Qureshi,https://facebook.com/yasminqureshiuk
Esher and Walton,Dominic,Raab,
Gedling,Tom,Randall,
Ashton-under-Lyne,Angela,Rayner,https://facebook.com/Angela-Rayner
Wokingham,John,Redwood,https://facebook.com/john.redwood.official
Croydon North,Steve,Reed,https://facebook.com/stevereedmp
Neath,Christina,Rees,https://facebook.com/ChrisReesLabour
North East Somerset,Jacob,Rees-Mogg,https://facebook.com/JacobReesMogg
Lewisham West and Penge,Ellie,Reeves,
Leeds West,Rachel,Reeves,https://facebook.com/rachelreeves10
Stalybridge and Hyde,Jonathan,Reynolds,https://facebook.com/JonathanreynoldsMP
Streatham,Bell,Ribeiro-Addy,
West Bromwich East,Nicola,Richards,
Guildford,Angela,Richardson,
St Helens South and Whiston,Marie,Rimmer,https://facebook.com/MarieRimmer
Delyn,Rob,Roberts,
Tewkesbury,Laurence,Robertson,
Belfast East,Gavin,Robinson,https://facebook.com/GRobinsonDUP
Cheadle,Mary,Robinson,https://facebook.com/MaryRobinson01
Reading East,Matt,Rodda,
Romford,Andrew,Rosindell,https://facebook.com/AndrewRosindellofficial
Moray,Douglas,Ross,
North East Derbyshire,Lee,Rowley,
Watford,Dean,Russell,
"Brighton, Kemptown",Lloyd,Russell-Moyle,https://facebook.com/LloydRussellMoyle
Macclesfield,David,Rutley,https://facebook.com/david.rutley.1
"Birmingham, Northfield",Gary,Sambrook,
Dwyfor Meirionnydd,Liz,Saville-Roberts,https://facebook.com/LizSavilleRoberts
North Devon,Selaine,Saxby,
Sutton and Cheam,Paul,Scully,https://facebook.com/scullyforsutton
Isle of Wight,Bob,Seely,https://facebook.com/IoWBobSeely
South West Bedfordshire,Andrew,Selous,
Bradford West,Naseem,Shah,https://facebook.com/NazShahMP
Strangford,Jim,Shannon,https://facebook.com/Jim-Shannon-MP-477928115581090
Welwyn Hatfield,Grant,Shapps,https://facebook.com/grant.shapps
Reading West,Alok,Sharma,https://facebook.com/AlokSharmaRDG
"Ealing, Southall",Virendra,Sharma,https://facebook.com/virendrasharmamp
Huddersfield,Barry,Sheerman,https://facebook.com/Barry4Huddersfield
Elmet and Rothwell,Alec,Shelbrooke,https://facebook.com/alec.shelbrooke
Edinburgh East,Tommy,Sheppard,https://facebook.com/TommySheppardSNP
Hampstead and Kilburn,Tulip,Siddiq,https://facebook.com/tulipsiddiq
"Ruislip, Northwood and Pinner",David,Simmonds,
Kingswood,Chris,Skidmore,https://facebook.com/BSGTeaminAction
Hammersmith,Andrew,Slaughter,https://facebook.com/andy4hammersmith
Stirling,Alyn,Smith,
Lancaster and Fleetwood,Cat,Smith,https://facebook.com/catsmithmp
Norwich North,Chloe,Smith,https://facebook.com/Chloe-Smith-MP-1509476925970053
Buckingham,Greg,Smith,
Crawley,Henry,Smith,https://facebook.com/henrysmithmp
"Manchester, Withington",Jeff,Smith,https://facebook.com/jeffsmithforwithington
Skipton and Ripon,Julian,Smith,https://facebook.com/juliansmithofficial
Blaenau Gwent,Nick,Smith,https://facebook.com/NickSmithforBlaenauGwent
"Southampton, Itchen",Royston,Smith,https://facebook.com/roystonsmithsoton
Bristol South,Karin,Smyth,https://facebook.com/KarinSmythMP
Leeds North West,Alex,Sobel,
Derby North,Amanda,Solloway,https://facebook.com/Amanda-Solloway-Derby-North-120624774790466
Warley,John,Spellar,https://facebook.com/johnspellar
Runnymede and Weybridge,Ben,Spencer,
Sherwood,Mark,Spencer,https://facebook.com/MarkSpencerSherwood
Rother Valley,Alexander,Stafford,
Holborn and St Pancras,Keir,Starmer,https://facebook.com/KeirStarmerLabour
Glasgow South West,Chris,Stephens,https://facebook.com/ChrisStephensSNP
Pendle,Andrew,Stephenson,
Cardiff Central,Jo,Stevens,https://facebook.com/JoStevensLabour
Wolverhampton North East,Jane,Stevenson,
Carlisle,John,Stevenson,https://facebook.com/JohnStevensonCarlisle
Beckenham,Bob,Stewart,https://facebook.com/Bob-Stewart-1431412443820085
Milton Keynes South,Iain,Stewart,https://facebook.com/iain.stewartmp
"Caithness, Sutherland and Easter Ross",Jamie,Stone,
South West Devon,Gary,Streeter,
Ilford North,Wes,Streeting,
Central Devon,Mel,Stride,
Blackley and Broughton,Graham,Stringer,
Beverley and Holderness,Graham,Stuart,https://facebook.com/grahamstuartmp
York Outer,Julian,Sturdy,https://facebook.com/strongvoice.juliansturdy
Coventry South,Zarah,Sultana,
Richmond (Yorks),Rishi,Sunak,https://facebook.com/rishisunak
Bracknell,James,Sunderland,
New Forest West,Desmond,Swayne,https://facebook.com/Desmond.Swayne
Poole,Robert,Syms,
Alyn and Deeside,Mark,Tami,https://facebook.com/alynanddeesidelabourparty
Ilford South,Sam,Tarry,
Glasgow Central,Alison,Thewliss,https://facebook.com/AlisonThewlissSNP
St Ives,Derek,Thomas,https://facebook.com/derekthomas.org
Harrow West,Gareth,Thomas,https://facebook.com/GarethThomasMP
Torfaen,Nick,Thomas-Symonds,https://facebook.com/100009320769349
Midlothian,Owen,Thompson,https://facebook.com/owenthompsonsnp
Gordon,Richard,Thomson,
Islington South and Finsbury,Emily,Thornberry,https://facebook.com/Emily-Thornberry-142202379163151
Erewash,Maggie,Throup,https://facebook.com/MaggieThroup2015
East Ham,Stephen,Timms,https://facebook.com/stephenctimms
Eddisbury,Edward,Timpson,https://facebook.com/Edward4CreweAndNantwich
Rochester and Strood,Kelly,Tolhurst,https://facebook.com/rochesterandstroodkelly
North Swindon,Justin,Tomlinson,https://facebook.com/justintomlinsonofficial
Mid Dorset and North Poole,Michael,Tomlinson,https://facebook.com/michael4MDNP
North Warwickshire,Craig,Tracey,https://facebook.com/craig4nwarks
Berwick-upon-Tweed,Anne-Marie,Trevelyan,
Hemsworth,Jon,Trickett,https://facebook.com/jon.trickett
Sevenoaks,Laura,Trott,
South West Norfolk,Elizabeth,Truss,https://facebook.com/ElizabethTrussSWNorfolk
Tonbridge and Malling,Thomas,Tugendhat,https://facebook.com/thomas.tugendhat
Kingston upon Hull East,Karl,Turner,https://facebook.com/karlturner4easthull
Halton,Derek,Twigg,https://facebook.com/DerekTwiggMP
Blaydon,Liz,Twist,
North West Cambridgeshire,Shailesh,Vara,
Walsall South,Valerie,Vaz,https://facebook.com/ValerieVazMP
Cleethorpes,Martin,Vickers,https://facebook.com/MartinVickersMP
Stockton South,Matt,Vickers,
Chipping Barnet,Theresa,Villiers,https://facebook.com/theresavillierscb
Bury South,Christian,Wakeford,
Broxbourne,Charles,Walker,
Worcester,Robin,Walker,https://facebook.com/Walker4Worcester
Wyre and Preston North,Ben,Wallace,https://facebook.com/benwallaceWPN
Bridgend,Jamie,Wallis,
Somerton and Frome,David,Warburton,https://facebook.com/DavidWarburtonSomertonAndFrome
Boston and Skegness,Matt,Warman,https://facebook.com/WarmanforBostonSkegness
Clacton,Giles,Watling,
Stourbridge,Suzanne,Webb,
Leicester East,Claudia,Webbe,
Hornsey and Wood Green,Catherine,West,https://facebook.com/Catherine-West-for-Hornsey-Wood-Green-522395934483552
Stretford and Urmston,Andrew,Western,
Warwick and Leamington,Matt,Western,https://facebook.com/MattWesternMP
Faversham and Mid Kent,Helen,Whately,https://facebook.com/hwhately
South Derbyshire,Heather,Wheeler,https://facebook.com/heatherwheeler4southderbyshire
"Southampton, Test",Alan,Whitehead,https://facebook.com/alanwhiteheadmp
Central Ayrshire,Philippa,Whitford,https://facebook.com/Philippa.Whitford.political
Birkenhead,Mick,Whitley,
Calder Valley,Craig,Whittaker,https://facebook.com/whittaker4mp
Maldon,John,Whittingdale,https://facebook.com/johnwhittingdale4maldon
Nottingham East,Nadia,Whittome,
North Herefordshire,Bill,Wiggin,
North West Norfolk,James,Wild,
Montgomeryshire,Craig,Williams,
Arfon,Hywel,Williams,https://facebook.com/HywelWilliamsASMP
South Staffordshire,Gavin,Williamson,https://facebook.com/gavinforsouthstaffs
Twickenham,Munira,Wilson,
East Antrim,Sammy,Wilson,https://facebook.com/SammyWilsonMP
Cynon Valley,Beth,Winter,
Doncaster Central,Rosie,Winterton,https://facebook.com/DoncasterLabour
Perth and North Perthshire,Pete,Wishart,https://facebook.com/PeteWishartPerth
Dudley South,Mike,Wood,https://facebook.com/mike4dudleysouth
Hazel Grove,William,Wragg,
Kenilworth and Southam,Jeremy,Wright,https://facebook.com/jeremywright2015
Bedford,Mohammad,Yasin,
Redcar,Jacob,Young,
Stratford-on-Avon,Nadhim,Zahawi,https://facebook.com/NadhimZahawi
Cambridge,Daniel,Zeichner,https://facebook.com/Daniel-Zeichner-MP-373041482865096
