,Constituency,Member returned,Notes
0,,,
1,"Aberavon
","Stephen Kinnock
","Seat held
"
2,"Aberconwy
","Robin Millar
","Previous incumbent, Guto Bebb, did not stand
"
3,"Aberdeen North
","Kirsty Blackman
","Seat held
"
4,"Aberdeen South
","Stephen Flynn
","Previous incumbent, Ross Thomson, did not stand
"
5,"Airdrie and Shotts
","Neil Gray
","Seat held
"
6,"Aldershot
","Leo Docherty
","Seat held
"
7,"Aldridge-Brownhills
","Wendy Morton
","Seat held
"
8,"Altrincham and Sale West
","Graham Brady
","Seat held
"
9,"Alyn and Deeside
","Mark Tami
","Seat held
"
10,"Amber Valley
","Nigel Mills
","Seat held
"
11,"Angus
","Dave Doogan
","Defeated incumbent, Kirstene Hair
"
12,"Arfon
","Hywel Williams
","Seat held
"
13,"Argyll and Bute
","Brendan O'Hara
","Seat held
"
14,"Arundel and South Downs
","Andrew Griffith
","Previous incumbent, Nick Herbert, did not stand
"
15,"Ashfield
","Lee Anderson
","Previous incumbent, Gloria de Piero, did not stand
"
16,"Ashford
","Damian Green
","Seat held
"
17,"Ashton-under-Lyne
","Angela Rayner
","Seat held
"
18,"Aylesbury
","Rob Butler
","Previous incumbent, David Lidington, did not stand
"
19,"Ayr, Carrick and Cumnock
","Allan Dorans
","Previous incumbent, Bill Grant, did not stand
"
20,"Banbury
","Victoria Prentis
","Seat held
"
21,"Banff and Buchan
","David Duguid
","Seat held
"
22,"Barking
","Margaret Hodge
","Seat held
"
23,"Barnsley Central
","Dan Jarvis
","Seat held
"
24,"Barnsley East
","Stephanie Peacock
","Seat held
"
25,"Barrow and Furness
","Simon Fell
","Previous incumbent, John Woodcock, did not stand
"
26,"Basildon and Billericay
","John Baron
","Seat held
"
27,"Basingstoke
","Maria Miller
","Seat held
"
28,"Bassetlaw
","Brendan Clarke-Smith
","Previous incumbent, John Mann, did not stand
"
29,"Bath
","Wera Hobhouse
","Seat held
"
30,"Batley and Spen
","Tracy Brabin
","Seat held
"
31,"Battersea
","Marsha de Cordova
","Seat held
"
32,"Beaconsfield
","Joy Morrissey
","Defeated incumbent, Dominic Grieve
"
33,"Beckenham
","Bob Stewart
","Seat held
"
34,"Bedford
","Mohammad Yasin
","Seat held
"
35,"Belfast East
","Gavin Robinson
","Seat held
"
36,"Belfast North
","John Finucane
","Defeated incumbent, Nigel Dodds
"
37,"Belfast South
","Claire Hanna
","Defeated incumbent, Emma Little-Pengelly
"
38,"Belfast West
","Paul Maskey
","Seat held
"
39,"Bermondsey and Old Southwark
","Neil Coyle
","Seat held
"
40,"Berwick-upon-Tweed
","Anne-Marie Trevelyan
","Seat held
"
41,"Berwickshire, Roxburgh and Selkirk
","John Lamont
","Seat held
"
42,"Bethnal Green and Bow
","Rushanara Ali
","Seat held
"
43,"Beverley and Holderness
","Graham Stuart
","Seat held
"
44,"Bexhill and Battle
","Huw Merriman
","Seat held
"
45,"Bexleyheath and Crayford
","David Evennett
","Seat held
"
46,"Birkenhead
","Mick Whitley
","Defeated incumbent, Frank Field
"
47,"Birmingham Edgbaston
","Preet Gill
","Seat held
"
48,"Birmingham Erdington
","Jack Dromey
","Seat held
"
49,"Birmingham Hall Green
","Tahir Ali
","Defeated incumbent, Roger Godsiff
"
50,"Birmingham Hodge Hill
","Liam Byrne
","Seat held
"
51,"Birmingham Ladywood
","Shabana Mahmood
","Seat held
"
52,"Birmingham Northfield
","Gary Sambrook
","Defeated incumbent, Richard Burden
"
53,"Birmingham Perry Barr
","Khalid Mahmood
","Seat held
"
54,"Birmingham Selly Oak
","Steve McCabe
","Seat held
"
55,"Birmingham Yardley
","Jess Phillips
","Seat held
"
56,"Bishop Auckland
","Dehenna Davison
","Defeated incumbent, Helen Goodman
"
57,"Blackburn
","Kate Hollern
","Seat held
"
58,"Blackley and Broughton
","Graham Stringer
","Seat held
"
59,"Blackpool North and Cleveleys
","Paul Maynard
","Seat held
"
60,"Blackpool South
","Scott Benton
","Defeated incumbent, Gordon Marsden
"
61,"Blaenau Gwent
","Nick Smith
","Seat held
"
62,"Blaydon
","Liz Twist
","Seat held
"
63,"Blyth Valley
","Ian Levy
","Previous incumbent, Ronnie Campbell, did not stand
"
64,"Bognor Regis and Littlehampton
","Nick Gibb
","Seat held
"
65,"Bolsover
","Mark Fletcher
","Defeated incumbent, Dennis Skinner
"
66,"Bolton North East
","Mark Logan
","Defeated incumbent, David Crausby
"
67,"Bolton South East
","Yasmin Qureshi
","Seat held
"
68,"Bolton West
","Chris Green
","Seat held
"
69,"Bootle
","Peter Dowd
","Seat held
"
70,"Boston and Skegness
","Matt Warman
","Seat held
"
71,"Bosworth
","Luke Evans
","Previous incumbent, David Tredinnick, did not stand
"
72,"Bournemouth East
","Tobias Ellwood
","Seat held
"
73,"Bournemouth West
","Conor Burns
","Seat held
"
74,"Bracknell
","James Sunderland
","Previous incumbent, Phillip Lee, did not stand
"
75,"Bradford East
","Imran Hussain
","Seat held
"
76,"Bradford South
","Judith Cummins
","Seat held
"
77,"Bradford West
","Naseem Shah
","Seat held
"
78,"Braintree
","James Cleverly
","Seat held
"
79,"Brecon and Radnorshire
","Fay Jones
","Defeated incumbent, Jane Dodds
"
80,"Brent Central
","Dawn Butler
","Seat held
"
81,"Brent North
","Barry Gardiner
","Seat held
"
82,"Brentford and Isleworth
","Ruth Cadbury
","Seat held
"
83,"Brentwood and Ongar
","Alex Burghart
","Seat held
"
84,"Bridgend
","Jamie Wallis
","Defeated incumbent, Madeleine Moon
"
85,"Bridgwater and West Somerset
","Ian Liddell-Grainger
","Seat held
"
86,"Brigg and Goole
","Andrew Percy
","Seat held
"
87,"Brighton Kemptown
","Lloyd Russell-Moyle
","Seat held
"
88,"Brighton Pavilion
","Caroline Lucas
","Seat held
"
89,"Bristol East
","Kerry McCarthy
","Seat held
"
90,"Bristol North West
","Darren Jones
","Seat held
"
91,"Bristol South
","Karin Smyth
","Seat held
"
92,"Bristol West
","Thangam Debbonaire
","Seat held
"
93,"Broadland
","Jerome Mayhew
","Previous incumbent, Keith Simpson, did not stand
"
94,"Bromley and Chislehurst
","Bob Neill
","Seat held
"
95,"Bromsgrove
","Sajid Javid
","Seat held
"
96,"Broxbourne
","Charles Walker
","Seat held
"
97,"Broxtowe
","Darren Henry
","Defeated incumbent, Anna Soubry
"
98,"Buckingham
","Greg Smith
","Previous incumbent, John Bercow, did not stand
"
99,"Burnley
","Antony Higginbotham
","Defeated incumbent, Julie Cooper
"
100,"Burton
","Kate Kniveton
","Previous incumbent, Andrew Griffiths, did not stand
"
101,"Bury North
","James Daly
","Defeated incumbent, James Frith
"
102,"Bury South
","Christian Wakeford
","Defeated incumbent, Ivan Lewis
"
103,"Bury St Edmunds
","Jo Churchill
","Seat held
"
104,"Caerphilly
","Wayne David
","Seat held
"
105,"Caithness, Sutherland and Easter Ross
","Jamie Stone
","Seat held
"
106,"Calder Valley
","Craig Whittaker
","Seat held
"
107,"Camberwell and Peckham
","Harriet Harman
","Seat held
"
108,"Camborne and Redruth
","George Eustice
","Seat held
"
109,"Cambridge
","Daniel Zeichner
","Seat held
"
110,"Cannock Chase
","Amanda Milling
","Seat held
"
111,"Canterbury
","Rosie Duffield
","Seat held
"
112,"Cardiff Central
","Jo Stevens
","Seat held
"
113,"Cardiff North
","Anna McMorrin
","Seat held
"
114,"Cardiff South and Penarth
","Stephen Doughty
","Seat held
"
115,"Cardiff West
","Kevin Brennan
","Seat held
"
116,"Carlisle
","John Stevenson
","Seat held
"
117,"Carmarthen East and Dinefwr
","Jonathan Edwards
","Seat held
"
118,"Carmarthen West and South Pembrokeshire
","Simon Hart
","Seat held
"
119,"Carshalton and Wallington
","Elliot Colburn
","Defeated incumbent, Tom Brake
"
120,"Castle Point
","Rebecca Harris
","Seat held
"
121,"Central Ayrshire
","Philippa Whitford
","Seat held
"
122,"Central Devon
","Mel Stride
","Seat held
"
123,"Central Suffolk and North Ipswich
","Dan Poulter
","Seat held
"
124,"Ceredigion
","Ben Lake
","Seat held
"
125,"Charnwood
","Edward Argar
","Seat held
"
126,"Chatham and Aylesford
","Tracey Crouch
","Seat held
"
127,"Cheadle
","Mary Robinson
","Seat held
"
128,"Chelmsford
","Vicky Ford
","Seat held
"
129,"Chelsea and Fulham
","Greg Hands
","Seat held
"
130,"Cheltenham
","Alex Chalk
","Seat held
"
131,"Chesham and Amersham
","Cheryl Gillan
","Seat held
"
132,"Chesterfield
","Toby Perkins
","Seat held
"
133,"Chichester
","Gillian Keegan
","Seat held
"
134,"Chingford and Woodford Green
","Iain Duncan Smith
","Seat held
"
135,"Chippenham
","Michelle Donelan
","Seat held
"
136,"Chipping Barnet
","Theresa Villiers
","Seat held
"
137,"Chorley
","Lindsay Hoyle
","Seat held
"
138,"Christchurch
","Christopher Chope
","Seat held
"
139,"Cities of London and Westminster
","Nickie Aiken
","Previous incumbent, Mark Field, did not stand
"
140,"City of Chester
","Chris Matheson
","Seat held
"
141,"City of Durham
","Mary Foy
","Previous incumbent, Roberta Blackman-Woods, did not stand
"
142,"Clacton
","Giles Watling
","Seat held
"
143,"Cleethorpes
","Martin Vickers
","Seat held
"
144,"Clwyd South
","Simon Baynes
","Defeated incumbent, Susan Elan Jones
"
145,"Clwyd West
","David Jones
","Seat held
"
146,"Coatbridge, Chryston and Bellshill
","Steven Bonnar
","Defeated incumbent, Hugh Gaffney
"
147,"Colchester
","Will Quince
","Seat held
"
148,"Colne Valley
","Jason McCartney
","Defeated incumbent, Thelma Walker
"
149,"Congleton
","Fiona Bruce
","Seat held
"
150,"Copeland
","Trudy Harrison
","Seat held
"
151,"Corby
","Tom Pursglove
","Seat held
"
152,"Coventry North East
","Colleen Fletcher
","Seat held
"
153,"Coventry North West
","Taiwo Owatemi
","Previous incumbent, Geoffrey Robinson, did not stand
"
154,"Coventry South
","Zarah Sultana
","Previous incumbent, Jim Cunningham, did not stand
"
155,"Crawley
","Henry Smith
","Seat held
"
156,"Crewe and Nantwich
","Kieran Mullan
","Defeated incumbent, Laura Smith
"
157,"Croydon Central
","Sarah Jones
","Seat held
"
158,"Croydon North
","Steve Reed
","Seat held
"
159,"Croydon South
","Chris Philp
","Seat held
"
160,"Cumbernauld, Kilsyth and Kirkintilloch East
","Stuart McDonald
","Seat held
"
161,"Cynon Valley
","Beth Winter
","Previous incumbent, Ann Clwyd, did not stand
"
162,"Dagenham and Rainham
","Jon Cruddas
","Seat held
"
163,"Darlington
","Peter Gibson
","Defeated incumbent, Jenny Chapman
"
164,"Dartford
","Gareth Johnson
","Seat held
"
165,"Daventry
","Chris Heaton-Harris
","Seat held
"
166,"Delyn
","Rob Roberts
","Defeated incumbent, David Hanson
"
167,"Denton and Reddish
","Andrew Gwynne
","Seat held
"
168,"Derby North
","Amanda Solloway
","Defeated incumbent, Chris Williamson
"
169,"Derby South
","Margaret Beckett
","Seat held
"
170,"Derbyshire Dales
","Sarah Dines
","Previous incumbent, Patrick McLoughlin, did not stand
"
171,"Devizes
","Danny Kruger
","Previous incumbent, Claire Perry, did not stand
"
172,"Dewsbury
","Mark Eastwood
","Defeated incumbent, Paula Sherriff
"
173,"Don Valley
","Nicholas Fletcher
","Defeated incumbent, Caroline Flint
"
174,"Doncaster Central
","Rosie Winterton
","Seat held
"
175,"Doncaster North
","Ed Miliband
","Seat held
"
176,"Dover
","Natalie Elphicke
","Previous incumbent, Charlie Elphicke, did not stand
"
177,"Dudley North
","Marco Longhi
","Previous incumbent, Ian Austin, did not stand
"
178,"Dudley South
","Mike Wood
","Seat held
"
179,"Dulwich and West Norwood
","Helen Hayes
","Seat held
"
180,"Dumfries and Galloway
","Alister Jack
","Seat held
"
181,"Dumfriesshire, Clydesdale and Tweeddale
","David Mundell
","Seat held
"
182,"Dundee East
","Stewart Hosie
","Seat held
"
183,"Dundee West
","Chris Law
","Seat held
"
184,"Dunfermline and West Fife
","Douglas Chapman
","Seat held
"
185,"Dwyfor Meirionnydd
","Liz Saville-Roberts
","Seat held
"
186,"Ealing Central and Acton
","Rupa Huq
","Seat held
"
187,"Ealing North
","James Murray
","Previous incumbent, Stephen Pound, did not stand
"
188,"Ealing Southall
","Virendra Sharma
","Seat held
"
189,"Easington
","Grahame Morris
","Seat held
"
190,"East Antrim
","Sammy Wilson
","Seat held
"
191,"East Devon
","Simon Jupp
","Previous incumbent, Hugo Swire, did not stand
"
192,"East Dunbartonshire
","Amy Callaghan
","Defeated incumbent, Jo Swinson
"
193,"East Ham
","Stephen Timms
","Seat held
"
194,"East Hampshire
","Damian Hinds
","Seat held
"
195,"East Kilbride, Strathaven and Lesmahagow
","Lisa Cameron
","Seat held
"
196,"East Londonderry
","Gregory Campbell
","Seat held
"
197,"East Lothian
","Kenny MacAskill
","Defeated incumbent, Martin Whitfield
"
198,"East Renfrewshire
","Kirsten Oswald
","Defeated incumbent, Paul Masterton
"
199,"East Surrey
","Claire Coutinho
","Previous incumbent, Sam Gyimah, did not stand
"
200,"East Worthing and Shoreham
","Tim Loughton
","Seat held
"
201,"East Yorkshire
","Greg Knight
","Seat held
"
202,"Eastbourne
","Caroline Ansell
","Defeated incumbent, Stephen Lloyd
"
203,"Eastleigh
","Paul Holmes
","Previous incumbent, Mims Davies, stood for Mid Sussex
"
204,"Eddisbury
","Edward Timpson
","Defeated incumbent, Antoinette Sandbach
"
205,"Edinburgh East
","Tommy Sheppard
","Seat held
"
206,"Edinburgh North and Leith
","Deidre Brock
","Seat held
"
207,"Edinburgh South
","Ian Murray
","Seat held
"
208,"Edinburgh South West
","Joanna Cherry
","Seat held
"
209,"Edinburgh West
","Christine Jardine
","Seat held
"
210,"Edmonton
","Kate Osamor
","Seat held
"
211,"Ellesmere Port and Neston
","Justin Madders
","Seat held
"
212,"Elmet and Rothwell
","Alec Shelbrooke
","Seat held
"
213,"Eltham
","Clive Efford
","Seat held
"
214,"Enfield North
","Feryal Clark
","Previous incumbent, Joan Ryan, did not stand
"
215,"Enfield Southgate
","Bambos Charalambous
","Seat held
"
216,"Epping Forest
","Eleanor Laing
","Seat held
"
217,"Epsom and Ewell
","Chris Grayling
","Seat held
"
218,"Erewash
","Maggie Throup
","Seat held
"
219,"Erith and Thamesmead
","Abena Oppong-Asare
","Previous incumbent, Teresa Pearce, did not stand
"
220,"Esher and Walton
","Dominic Raab
","Seat held
"
221,"Exeter
","Ben Bradshaw
","Seat held
"
222,"Falkirk
","John McNally
","Seat held
"
223,"Fareham
","Suella Braverman
","Seat held
"
224,"Faversham and Mid Kent
","Helen Whately
","Seat held
"
225,"Feltham and Heston
","Seema Malhotra
","Seat held
"
226,"Fermanagh and South Tyrone
","Michelle Gildernew
","Seat held
"
227,"Filton and Bradley Stoke
","Jack Lopresti
","Seat held
"
228,"Finchley and Golders Green
","
Mike Freer

","Seat held
"
229,"Folkestone and Hythe
","Damian Collins
","Seat held
"
230,"Forest of Dean
","Mark Harper
","Seat held
"
231,"Foyle
","Colum Eastwood
","Defeated incumbent, Elisha McCallion
"
232,"Fylde
","Mark Menzies
","Seat held
"
233,"Gainsborough
","Edward Leigh
","Seat held
"
234,"Garston and Halewood
","Maria Eagle
","Seat held
"
235,"Gateshead
","Ian Mearns
","Seat held
"
236,"Gedling
","Tom Randall
","Defeated incumbent, Vernon Coaker
"
237,"Gillingham and Rainham
","Rehman Chishti
","Seat held
"
238,"Glasgow Central
","Alison Thewliss
","Seat held
"
239,"Glasgow East
","David Linden
","Seat held
"
240,"Glasgow North
","Patrick Grady
","Seat held
"
241,"Glasgow North East
","Anne McLaughlin
","Defeated incumbent, Paul Sweeney
"
242,"Glasgow North West
","Carol Monaghan
","Seat held
"
243,"Glasgow South
","Stewart McDonald
","Seat held
"
244,"Glasgow South West
","Chris Stephens
","Seat held
"
245,"Glenrothes
","Peter Grant
","Seat held
"
246,"Gloucester
","Richard Graham
","Seat held
"
247,"Gordon
","Richard Thomson
","Defeated incumbent, Colin Clark
"
248,"Gosport
","Caroline Dinenage
","Seat held
"
249,"Gower
","Tonia Antoniazzi
","Seat held
"
250,"Grantham and Stamford
","Gareth Davies
","Previous incumbent, Nick Boles, did not stand
"
251,"Gravesham
","Adam Holloway
","Seat held
"
252,"Great Grimsby
","Lia Nici
","Defeated incumbent, Melanie Onn
"
253,"Great Yarmouth
","Brandon Lewis
","Seat held
"
254,"Greenwich and Woolwich
","Matthew Pennycook
","Seat held
"
255,"Guildford
","Angela Richardson
","Defeated incumbent, Anne Milton
"
256,"Hackney North and Stoke Newington
","Diane Abbott
","Seat held
"
257,"Hackney South and Shoreditch
","Meg Hillier
","Seat held
"
258,"Halesowen and Rowley Regis
","James Morris
","Seat held
"
259,"Halifax
","Holly Lynch
","Seat held
"
260,"Haltemprice and Howden
","David Davis
","Seat held
"
261,"Halton
","Derek Twigg
","Seat held
"
262,"Hammersmith
","Andrew Slaughter
","Seat held
"
263,"Hampstead and Kilburn
","Tulip Siddiq
","Seat held
"
264,"Harborough
","Neil O'Brien
","Seat held
"
265,"Harlow
","Robert Halfon
","Seat held
"
266,"Harrogate and Knaresborough
","Andrew Jones
","Seat held
"
267,"Harrow East
","Bob Blackman
","Seat held
"
268,"Harrow West
","Gareth Thomas
","Seat held
"
269,"Hartlepool
","Mike Hill
","Seat held
"
270,"Harwich and North Essex
","Bernard Jenkin
","Seat held
"
271,"Hastings and Rye
","Sally-Ann Hart
","Previous incumbent, Amber Rudd, did not stand
"
272,"Havant
","Alan Mak
","Seat held
"
273,"Hayes and Harlington
","John McDonnell
","Seat held
"
274,"Hazel Grove
","William Wragg
","Seat held
"
275,"Hemel Hempstead
","Mike Penning
","Seat held
"
276,"Hemsworth
","Jon Trickett
","Seat held
"
277,"Hendon
","Matthew Offord
","Seat held
"
278,"Henley
","John Howell
","Seat held
"
279,"Hereford and South Herefordshire
","Jesse Norman
","Seat held
"
280,"Hertford and Stortford
","Julie Marson
","Previous incumbent, Mark Prisk, did not stand
"
281,"Hertsmere
","Oliver Dowden
","Seat held
"
282,"Hexham
","Guy Opperman
","Seat held
"
283,"Heywood and Middleton
","Chris Clarkson
","Defeated incumbent, Liz McInnes
"
284,"High Peak
","Robert Largan
","Defeated incumbent, Ruth George
"
285,"Hitchin and Harpenden
","Bim Afolami
","Seat held
"
286,"Holborn and St Pancras
","Keir Starmer
","Seat held
"
287,"Hornchurch and Upminster
","Julia Lopez
","Seat held
"
288,"Hornsey and Wood Green
","Catherine West
","Seat held
"
289,"Horsham
","Jeremy Quin
","Seat held
"
290,"Houghton and Sunderland South
","Bridget Phillipson
","Seat held
"
291,"Hove
","Peter Kyle
","Seat held
"
292,"Huddersfield
","Barry Sheerman
","Seat held
"
293,"Huntingdon
","Jonathan Djanogly
","Seat held
"
294,"Hyndburn
","Sara Britcliffe
","Defeated incumbent, Graham Jones
"
295,"Ilford North
","Wes Streeting
","Seat held
"
296,"Ilford South
","Sam Tarry
","Defeated incumbent, Mike Gapes
"
297,"Inverclyde
","Ronnie Cowan
","Seat held
"
298,"Inverness, Nairn, Badenoch and Strathspey
","Drew Hendry
","Seat held
"
299,"Ipswich
","Tom Hunt
","Defeated incumbent, Sandy Martin
"
300,"Isle of Wight
","Bob Seely
","Seat held
"
301,"Islington North
","Jeremy Corbyn
","Seat held
"
302,"Islington South and Finsbury
","Emily Thornberry
","Seat held
"
303,"Islwyn
","Chris Evans
","Seat held
"
304,"Jarrow
","Kate Osborne
","Previous incumbent, Stephen Hepburn, did not stand
"
305,"Keighley
","Robbie Moore
","Defeated incumbent, John Grogan
"
306,"Kenilworth and Southam
","Jeremy Wright
","Seat held
"
307,"Kensington
","Felicity Buchan
","Defeated incumbent, Emma Dent Coad
"
308,"Kettering
","Philip Hollobone
","Seat held
"
309,"Kilmarnock and Loudoun
","Alan Brown
","Seat held
"
310,"Kingston and Surbiton
","Edward Davey
","Seat held
"
311,"Kingston upon Hull East
","Karl Turner
","Seat held
"
312,"Kingston upon Hull North
","Diana Johnson
","Seat held
"
313,"Kingston upon Hull West and Hessle
","Emma Hardy
","Seat held
"
314,"Kingswood
","Chris Skidmore
","Seat held
"
315,"Kirkcaldy and Cowdenbeath
","Neale Hanvey
","Defeated incumbent, Lesley Laird
"
316,"Knowsley
","George Howarth
","Seat held
"
317,"Lagan Valley
","Jeffrey Donaldson
","Seat held
"
318,"Lanark and Hamilton East
","Angela Crawley
","Seat held
"
319,"Lancaster and Fleetwood
","Cat Smith
","Seat held
"
320,"Leeds Central
","Hilary Benn
","Seat held
"
321,"Leeds East
","Richard Burgon
","Seat held
"
322,"Leeds North East
","Fabian Hamilton
","Seat held
"
323,"Leeds North West
","Alex Sobel
","Seat held
"
324,"Leeds West
","Rachel Reeves
","Seat held
"
325,"Leicester East
","Claudia Webbe
","Previous incumbent, Keith Vaz, did not stand
"
326,"Leicester South
","Jon Ashworth
","Seat held
"
327,"Leicester West
","Liz Kendall
","Seat held
"
328,"Leigh
","James Grundy
","Defeated incumbent, Joanne Platt
"
329,"Lewes
","Maria Caulfield
","Seat held
"
330,"Lewisham East
","Janet Daby
","Seat held
"
331,"Lewisham West and Penge
","Ellie Reeves
","Seat held
"
332,"Lewisham Deptford
","Vicky Foxcroft
","Seat held
"
333,"Leyton and Wanstead
","John Cryer
","Seat held
"
334,"Lichfield
","Michael Fabricant
","Seat held
"
335,"Lincoln
","Karl McCartney
","Defeated incumbent, Karen Lee
"
336,"Linlithgow and East Falkirk
","Martyn Day
","Seat held
"
337,"Liverpool Riverside
","Kim Johnson
","Previous incumbent, Louise Ellman, did not stand
"
338,"Liverpool Walton
","Dan Carden
","Seat held
"
339,"Liverpool Wavertree
","Paula Barker
","Previous incumbent, Luciana Berger, did not stand
"
340,"Liverpool West Derby
","Ian Byrne
","Previous incumbent, Stephen Twigg, did not stand
"
341,"Livingston
","Hannah Bardell
","Seat held
"
342,"Llanelli
","Nia Griffith
","Seat held
"
343,"Loughborough
","Jane Hunt
","Previous incumbent, Nicky Morgan, did not stand
"
344,"Louth and Horncastle
","Victoria Atkins
","Seat held
"
345,"Ludlow
","Philip Dunne
","Seat held
"
346,"Luton North
","Sarah Owen
","Previous incumbent, Kelvin Hopkins, did not stand
"
347,"Luton South
","Rachel Hopkins
","Defeated incumbent, Gavin Shuker
"
348,"Macclesfield
","David Rutley
","Seat held
"
349,"Maidenhead
","Theresa May
","Seat held
"
350,"Maidstone and The Weald
","Helen Grant
","Seat held
"
351,"Makerfield
","Yvonne Fovargue
","Seat held
"
352,"Maldon
","John Whittingdale
","Seat held
"
353,"Manchester Central
","Lucy Powell
","Seat held
"
354,"Manchester Gorton
","Afzal Khan
","Seat held
"
355,"Manchester Withington
","Jeff Smith
","Seat held
"
356,"Mansfield
","Ben Bradley
","Seat held
"
357,"Meon Valley
","Flick Drummond
","Previous incumbent, George Hollingbery, did not stand
"
358,"Meriden
","Saqib Bhatti
","Previous incumbent, Caroline Spelman, did not stand
"
359,"Merthyr Tydfil and Rhymney
","Gerald Jones
","Seat held
"
360,"Mid Bedfordshire
","Nadine Dorries
","Seat held
"
361,"Mid Derbyshire
","Pauline Latham
","Seat held
"
362,"Mid Dorset and North Poole
","Michael Tomlinson
","Seat held
"
363,"Mid Norfolk
","George Freeman
","Seat held
"
364,"Mid Sussex
","Mims Davies
","Previous incumbent, Nicholas Soames, did not stand. Davies was previously MP for Eastleigh
"
365,"Mid Ulster
","Francie Molloy
","Seat held
"
366,"Mid Worcestershire
","Nigel Huddleston
","Seat held
"
367,"Middlesbrough
","Andy McDonald
","Seat held
"
368,"Middlesbrough South and East Cleveland
","Simon Clarke
","Seat held
"
369,"Midlothian
","Owen Thompson
","Defeated incumbent, Danielle Rowley
"
370,"Milton Keynes North
","Ben Everitt
","Previous incumbent, Mark Lancaster, did not stand
"
371,"Milton Keynes South
","Iain Stewart
","Seat held
"
372,"Mitcham and Morden
","Siobhain McDonagh
","Seat held
"
373,"Mole Valley
","
Paul Beresford

","Seat held
"
374,"Monmouth
","David Davies
","Seat held
"
375,"Montgomeryshire
","Craig Williams
","Previous incumbent, Glyn Davies, did not stand
"
376,"Moray
","Douglas Ross
","Seat held
"
377,"Morecambe and Lunesdale
","David Morris
","Seat held
"
378,"Morley and Outwood
","Andrea Jenkyns
","Seat held
"
379,"Motherwell and Wishaw
","Marion Fellows
","Seat held
"
380,"Na h-Eileanan an Iar
","Angus MacNeil
","Seat held
"
381,"Neath
","Christina Rees
","Seat held
"
382,"New Forest East
","Julian Lewis
","Seat held
"
383,"New Forest West
","Desmond Swayne
","Seat held
"
384,"Newark
","Robert Jenrick
","Seat held
"
385,"Newbury
","Laura Farris
","Previous incumbent, Richard Benyon, did not stand
"
386,"Newcastle upon Tyne Central
","Chi Onwurah
","Seat held
"
387,"Newcastle upon Tyne East
","Nick Brown
","Seat held
"
388,"Newcastle upon Tyne North
","Catherine McKinnell
","Seat held
"
389,"Newcastle-under-Lyme
","Aaron Bell
","Previous incumbent, Paul Farrelly, did not stand
"
390,"Newport East
","Jessica Morden
","Seat held
"
391,"Newport West
","Ruth Jones
","Seat held
"
392,"Newry and Armagh
","Mickey Brady
","Seat held
"
393,"Newton Abbot
","Anne Marie Morris
","Seat held
"
394,"Normanton, Pontefract and Castleford
","Yvette Cooper
","Seat held
"
395,"North Antrim
","Ian Paisley
","Seat held
"
396,"North Ayrshire and Arran
","Patricia Gibson
","Seat held
"
397,"North Cornwall
","Scott Mann
","Seat held
"
398,"North Devon
","Selaine Saxby
","Previous incumbent, Peter Heaton-Jones, did not stand
"
399,"North Dorset
","Simon Hoare
","Seat held
"
400,"North Down
","Stephen Farry
","Previous incumbent, Sylvia Hermon, did not stand
"
401,"North Durham
","Kevan Jones
","Seat held
"
402,"North East Bedfordshire
","Richard Fuller
","Previous incumbent, Alistair Burt, did not stand
"
403,"North East Cambridgeshire
","Steve Barclay
","Seat held
"
404,"North East Derbyshire
","Lee Rowley
","Seat held
"
405,"North East Fife
","Wendy Chamberlain
","Defeated incumbent, Stephen Gethins
"
406,"North East Hampshire
","Ranil Jayawardena
","Seat held
"
407,"North East Hertfordshire
","Oliver Heald
","Seat held
"
408,"North East Somerset
","Jacob Rees-Mogg
","Seat held
"
409,"North Herefordshire
","Bill Wiggin
","Seat held
"
410,"North Norfolk
","Duncan Baker
","Previous incumbent, Norman Lamb, did not stand
"
411,"North Shropshire
","Owen Paterson
","Seat held
"
412,"North Somerset
","Liam Fox
","Seat held
"
413,"North Swindon
","Justin Tomlinson
","Seat held
"
414,"North Thanet
","Roger Gale
","Seat held
"
415,"North Tyneside
","Mary Glindon
","Seat held
"
416,"North Warwickshire
","Craig Tracey
","Seat held
"
417,"North West Cambridgeshire
","Shailesh Vara
","Seat held
"
418,"North West Durham
","Richard Holden
","Defeated incumbent, Laura Pidcock
"
419,"North West Hampshire
","Kit Malthouse
","Seat held
"
420,"North West Leicestershire
","Andrew Bridgen
","Seat held
"
421,"North West Norfolk
","James Wild
","Previous incumbent, Henry Bellingham, did not stand
"
422,"North Wiltshire
","James Gray
","Seat held
"
423,"Northampton North
","Michael Ellis
","Seat held
"
424,"Northampton South
","Andrew Lewer
","Seat held
"
425,"Norwich North
","Chloe Smith
","Seat held
"
426,"Norwich South
","Clive Lewis
","Seat held
"
427,"Nottingham East
","Nadia Whittome
","Defeated incumbent, Chris Leslie
"
428,"Nottingham North
","Alex Norris
","Seat held
"
429,"Nottingham South
","Lilian Greenwood
","Seat held
"
430,"Nuneaton
","Marcus Jones
","Seat held
"
431,"Ochil and South Perthshire
","John Nicolson
","Defeated incumbent, Luke Graham
"
432,"Ogmore
","Chris Elmore
","Seat held
"
433,"Old Bexley and Sidcup
","James Brokenshire
","Seat held
"
434,"Oldham East and Saddleworth
","Debbie Abrahams
","Seat held
"
435,"Oldham West and Royton
","Jim McMahon
","Seat held
"
436,"Orkney and Shetland
","Alistair Carmichael
","Seat held
"
437,"Orpington
","Gareth Bacon
","Previous incumbent, Jo Johnson, did not stand
"
438,"Oxford East
","Anneliese Dodds
","Seat held
"
439,"Oxford West and Abingdon
","Layla Moran
","Seat held
"
440,"Paisley and Renfrewshire North
","Gavin Newlands
","Seat held
"
441,"Paisley and Renfrewshire South
","Mhairi Black
","Seat held
"
442,"Pendle
","Andrew Stephenson
","Seat held
"
443,"Penistone and Stocksbridge
","Miriam Cates
","Previous incumbent, Angela Smith, did not stand
"
444,"Penrith and The Border
","Neil Hudson
","Previous incumbent, Rory Stewart, did not stand
"
445,"Perth and North Perthshire
","Pete Wishart
","Seat held
"
446,"Peterborough
","Paul Bristow
","Defeated incumbent, Lisa Forbes
"
447,"Plymouth Moor View
","Johnny Mercer
","Seat held
"
448,"Plymouth Sutton and Devonport
","Luke Pollard
","Seat held
"
449,"Pontypridd
","Alex Davies-Jones
","Previous incumbent, Owen Smith, did not stand
"
450,"Poole
","Robert Syms
","Seat held
"
451,"Poplar and Limehouse
","Apsana Begum
","Previous incumbent, Jim Fitzpatrick, did not stand
"
452,"Portsmouth North
","Penny Mordaunt
","Seat held
"
453,"Portsmouth South
","Stephen Morgan
","Seat held
"
454,"Preseli Pembrokeshire
","Stephen Crabb
","Seat held
"
455,"Preston
","Mark Hendrick
","Seat held
"
456,"Pudsey
","Stuart Andrew
","Seat held
"
457,"Putney
","Fleur Anderson
","Previous incumbent, Justine Greening, did not stand
"
458,"Rayleigh and Wickford
","Mark Francois
","Seat held
"
459,"Reading East
","Matt Rodda
","Seat held
"
460,"Reading West
","Alok Sharma
","Seat held
"
461,"Redcar
","Jacob Young
","Defeated incumbent, Anna Turley
"
462,"Redditch
","Rachel Maclean
","Seat held
"
463,"Reigate
","Crispin Blunt
","Seat held
"
464,"Rhondda
","Chris Bryant
","Seat held
"
465,"Ribble Valley
","Nigel Evans
","Seat held
"
466,"Richmond (Yorks)
","Rishi Sunak
","Seat held
"
467,"Richmond Park
","Sarah Olney
","Defeated incumbent, Zac Goldsmith
"
468,"Rochdale
","Tony Lloyd
","Seat held
"
469,"Rochester and Strood
","Kelly Tolhurst
","Seat held
"
470,"Rochford and Southend East
","James Duddridge
","Seat held
"
471,"Romford
","Andrew Rosindell
","Seat held
"
472,"Romsey and Southampton North
","Caroline Nokes
","Seat held
"
473,"Ross, Skye and Lochaber
","Ian Blackford
","Seat held
"
474,"Rossendale and Darwen
","Jake Berry
","Seat held
"
475,"Rother Valley
","Alexander Stafford
","Previous incumbent, Kevin Barron, did not stand
"
476,"Rotherham
","Sarah Champion
","Seat held
"
477,"Rugby
","Mark Pawsey
","Seat held
"
478,"Ruislip, Northwood and Pinner
","David Simmonds
","Previous incumbent, Nick Hurd, did not stand
"
479,"Runnymede and Weybridge
","Ben Spencer
","Previous incumbent, Philip Hammond, did not stand
"
480,"Rushcliffe
","Ruth Edwards
","Previous incumbent, Ken Clarke, did not stand
"
481,"Rutherglen and Hamilton West
","Margaret Ferrier
","Defeated incumbent, Gerard Killen
"
482,"Rutland and Melton
","Alicia Kearns
","Previous incumbent, Alan Duncan, did not stand
"
483,"Saffron Walden
","Kemi Badenoch
","Seat held
"
484,"Salford and Eccles
","Rebecca Long-Bailey
","Seat held
"
485,"Salisbury
","John Glen
","Seat held
"
486,"Scarborough and Whitby
","Robert Goodwill
","Seat held
"
487,"Scunthorpe
","Holly Mumby-Croft
","Defeated incumbent, Nic Dakin
"
488,"Sedgefield
","Paul Howell
","Defeated incumbent, Phil Wilson
"
489,"Sefton Central
","Bill Esterson
","Seat held
"
490,"Selby and Ainsty
","Nigel Adams
","Seat held
"
491,"Sevenoaks
","Laura Trott
","Previous incumbent, Michael Fallon, did not stand
"
492,"Sheffield Central
","Paul Blomfield
","Seat held
"
493,"Sheffield South East
","Clive Betts
","Seat held
"
494,"Sheffield Brightside and Hillsborough
","Gill Furniss
","Seat held
"
495,"Sheffield Hallam
","Olivia Blake
","Previous incumbent, Jared O'Mara, did not stand
"
496,"Sheffield Heeley
","Louise Haigh
","Seat held
"
497,"Sherwood
","Mark Spencer
","Seat held
"
498,"Shipley
","Philip Davies
","Seat held
"
499,"Shrewsbury and Atcham
","Daniel Kawczynski
","Seat held
"
500,"Sittingbourne and Sheppey
","Gordon Henderson
","Seat held
"
501,"Skipton and Ripon
","Julian Smith
","Seat held
"
502,"Sleaford and North Hykeham
","Caroline Johnson
","Seat held
"
503,"Slough
","Tanmanjeet Dhesi
","Seat held
"
504,"Solihull
","Julian Knight
","Seat held
"
505,"Somerton and Frome
","David Warburton
","Seat held
"
506,"South Antrim
","Paul Girvan
","Seat held
"
507,"South Basildon and East Thurrock
","Stephen Metcalfe
","Seat held
"
508,"South Cambridgeshire
","Anthony Browne
","Previous incumbent, Heidi Allen, did not stand
"
509,"South Derbyshire
","Heather Wheeler
","Seat held
"
510,"South Dorset
","Richard Drax
","Seat held
"
511,"South Down
","Chris Hazzard
","Seat held
"
512,"South East Cambridgeshire
","Lucy Frazer
","Seat held
"
513,"South East Cornwall
","Sheryll Murray
","Seat held
"
514,"South Holland and The Deepings
","John Hayes
","Seat held
"
515,"South Leicestershire
","Alberto Costa
","Seat held
"
516,"South Norfolk
","Richard Bacon
","Seat held
"
517,"South Northamptonshire
","Andrea Leadsom
","Seat held
"
518,"South Ribble
","Katherine Fletcher
","Previous incumbent, Seema Kennedy, did not stand
"
519,"South Shields
","Emma Lewell-Buck
","Seat held
"
520,"South Staffordshire
","Gavin Williamson
","Seat held
"
521,"South Suffolk
","James Cartlidge
","Seat held
"
522,"South Swindon
","Robert Buckland
","Seat held
"
523,"South Thanet
","Craig Mackinlay
","Seat held
"
524,"South West Bedfordshire
","Andrew Selous
","Seat held
"
525,"South West Devon
","Gary Streeter
","Seat held
"
526,"South West Hertfordshire
","Gagan Mohindra
","Defeated incumbent, David Gauke
"
527,"South West Norfolk
","Liz Truss
","Seat held
"
528,"South West Surrey
","Jeremy Hunt
","Seat held
"
529,"South West Wiltshire
","Andrew Murrison
","Seat held
"
530,"Southampton Itchen
","Royston Smith
","Seat held
"
531,"Southampton Test
","Alan Whitehead
","Seat held
"
532,"Southend West
","David Amess
","Seat held
"
533,"Southport
","Damien Moore
","Seat held
"
534,"Spelthorne
","Kwasi Kwarteng
","Seat held
"
535,"St Albans
","Daisy Cooper
","Defeated incumbent, Anne Main
"
536,"St Austell and Newquay
","Steve Double
","Seat held
"
537,"St Helens North
","Conor McGinn
","Seat held
"
538,"St Helens South and Whiston
","Marie Rimmer
","Seat held
"
539,"St Ives
","Derek Thomas
","Seat held
"
540,"Stafford
","Theo Clarke
","Previous incumbent, Jeremy Lefroy, did not stand
"
541,"Staffordshire Moorlands
","Karen Bradley
","Seat held
"
542,"Stalybridge and Hyde
","Jonathan Reynolds
","Seat held
"
543,"Stevenage
","Stephen McPartland
","Seat held
"
544,"Stirling
","Alyn Smith
","Defeated incumbent, Stephen Kerr
"
545,"Stockport
","
Navendu Mishra

","Previous incumbent, Ann Coffey, did not stand
"
546,"Stockton North
","
Alex Cunningham

","Seat held
"
547,"Stockton South
","
Matt Vickers

","Defeated incumbent, Paul Williams
"
548,"Stoke-on-Trent Central
","
Jo Gideon

","Defeated incumbent, Gareth Snell
"
549,"Stoke-on-Trent North
","
Jonathan Gullis

","Defeated incumbent, Ruth Smeeth
"
550,"Stoke-on-Trent South
","
Jack Brereton

","Seat held
"
551,"Stone
","
Bill Cash

","Seat held
"
552,"Stourbridge
","
Suzanne Webb

","Previous incumbent, Margot James, did not stand
"
553,"Strangford
","
Jim Shannon

","Seat held
"
554,"Stratford-on-Avon
","
Nadhim Zahawi

","Seat held
"
555,"Streatham
","
Bell Ribeiro-Addy

","Previous incumbent, Chuka Umunna, did not stand
"
556,"Stretford and Urmston
","
Kate Green

","Seat held
"
557,"Stroud
","
Siobhan Baillie

","Defeated incumbent, David Drew
"
558,"Suffolk Coastal
","
Therese Coffey

","Seat held
"
559,"Sunderland Central
","
Julie Elliott

","Seat held
"
560,"Surrey Heath
","
Michael Gove

","Seat held
"
561,"Sutton and Cheam
","
Paul Scully

","Seat held
"
562,"Sutton Coldfield
","
Andrew Mitchell

","Seat held
"
563,"Swansea East
","
Carolyn Harris

","Seat held
"
564,"Swansea West
","
Geraint Davies

","Seat held
"
565,"Tamworth
","
Christopher Pincher

","Seat held
"
566,"Tatton
","
Esther McVey

","Seat held
"
567,"Taunton Deane
","
Rebecca Pow

","Seat held
"
568,"Telford
","
Lucy Allan

","Seat held
"
569,"Tewkesbury
","
Laurence Robertson

","Seat held
"
570,"The Cotswolds
","
Geoffrey Clifton-Brown

","Seat held
"
571,"The Wrekin
","
Mark Pritchard

","Seat held
"
572,"Thirsk and Malton
","
Kevin Hollinrake

","Seat held
"
573,"Thornbury and Yate
","
Luke Hall

","Seat held
"
574,"Thurrock
","
Jackie Doyle-Price

","Seat held
"
575,"Tiverton and Honiton
","
Neil Parish

","Seat held
"
576,"Tonbridge and Malling
","
Thomas Tugendhat

","Seat held
"
577,"Tooting
","
Rosena Allin-Khan

","Seat held
"
578,"Torbay
","
Kevin Foster

","Seat held
"
579,"Torfaen
","
Nick Thomas-Symonds

","Seat held
"
580,"Torridge and West Devon
","
Geoffrey Cox

","Seat held
"
581,"Totnes
","
Anthony Mangnall

","Defeated incumbent, Sarah Wollaston
"
582,"Tottenham
","
David Lammy

","Seat held
"
583,"Truro and Falmouth
","
Cherilyn Mackrory

","Previous incumbent, Sarah Newton, did not stand
"
584,"Tunbridge Wells
","
Greg Clark

","Seat held
"
585,"Twickenham
","
Munira Wilson

","Previous incumbent, Vince Cable, did not stand
"
586,"Tynemouth
","
Alan Campbell

","Seat held
"
587,"Upper Bann
","
Carla Lockhart

","Previous incumbent, David Simpson, did not stand
"
588,"Uxbridge and South Ruislip
","
Boris Johnson

","Seat held
"
589,"Vale of Clwyd
","
James Davies

","Defeated incumbent, Chris Ruane
"
590,"Vale of Glamorgan
","
Alun Cairns

","Seat held
"
591,"Vauxhall
","
Florence Eshalomi

","Previous incumbent, Kate Hoey, did not stand
"
592,"Wakefield
","
Imran Ahmad Khan

","Defeated incumbent, Mary Creagh
"
593,"Wallasey
","
Angela Eagle

","Seat held
"
594,"Walsall North
","
Eddie Hughes

","Seat held
"
595,"Walsall South
","
Valerie Vaz

","Seat held
"
596,"Walthamstow
","
Stella Creasy

","Seat held
"
597,"Wansbeck
","
Ian Lavery

","Seat held
"
598,"Wantage
","
David Johnston

","Previous incumbent, Ed Vaizey, did not stand
"
599,"Warley
","
John Spellar

","Seat held
"
600,"Warrington North
","
Charlotte Nichols

","Previous incumbent, Helen Jones, did not stand
"
601,"Warrington South
","
Andy Carter

","Defeated incumbent, Faisal Rashid
"
602,"Warwick and Leamington
","
Matt Western

","Seat held
"
603,"Washington and Sunderland West
","
Sharon Hodgson

","Seat held
"
604,"Watford
","
Dean Russell

","Previous incumbent, Richard Harrington, did not stand
"
605,"Waveney
","
Peter Aldous

","Seat held
"
606,"Wealden
","
Nus Ghani

","Seat held
"
607,"Weaver Vale
","
Mike Amesbury

","Seat held
"
608,"Wellingborough
","
Peter Bone

","Seat held
"
609,"Wells
","
James Heappey

","Seat held
"
610,"Welwyn Hatfield
","
Grant Shapps

","Seat held
"
611,"Wentworth and Dearne
","
John Healey

","Seat held
"
612,"West Aberdeenshire and Kincardine
","
Andrew Bowie

","Seat held
"
613,"West Bromwich East
","
Nicola Richards

","Previous incumbent, Tom Watson, did not stand
"
614,"West Bromwich West
","
Shaun Bailey

","Previous incumbent, Adrian Bailey, did not stand
"
615,"West Dorset
","Chris Loder
","Previous incumbent, Oliver Letwin, did not stand
"
616,"West Dunbartonshire
","
Martin Docherty-Hughes

","Seat held
"
617,"West Ham
","Lyn Brown
","Seat held
"
618,"West Lancashire
","Rosie Cooper
","Seat held
"
619,"West Suffolk
","
Matthew Hancock

","Seat held
"
620,"West Tyrone
","
Órfhlaith Begley

","Seat held
"
621,"West Worcestershire
","Harriett Baldwin
","Seat held
"
622,"Westminster North
","Karen Buck
","Seat held
"
623,"Westmorland and Lonsdale
","Tim Farron
","Seat held
"
624,"Weston-Super-Mare
","John Penrose
","Seat held
"
625,"Wigan
","Lisa Nandy
","Seat held
"
626,"Wimbledon
","Stephen Hammond
","Seat held
"
627,"Winchester
","Steve Brine
","Seat held
"
628,"Windsor
","Adam Afriyie
","Seat held
"
629,"Wirral South
","Alison McGovern
","Seat held
"
630,"Wirral West
","Margaret Greenwood
","Seat held
"
631,"Witham
","Priti Patel
","Seat held
"
632,"Witney
","Robert Courts
","Seat held
"
633,"Woking
","Jonathan Lord
","Seat held
"
634,"Wokingham
","John Redwood
","Seat held
"
635,"Wolverhampton North East
","Jane Stevenson
","Defeated incumbent, Emma Reynolds
"
636,"Wolverhampton South East
","Pat McFadden
","Seat held
"
637,"Wolverhampton South West
","Stuart Anderson
","Defeated incumbent, Eleanor Smith
"
638,"Worcester
","Robin Walker
","Seat held
"
639,"Workington
","Mark Jenkinson
","Defeated incumbent, Sue Hayman
"
640,"Worsley and Eccles South
","Barbara Keeley
","Seat held
"
641,"Worthing West
","Peter Bottomley
","Seat held
"
642,"Wrexham
","Sarah Atherton
","Previous incumbent, Ian Lucas, did not stand
"
643,"Wycombe
","Steven Baker
","Seat held
"
644,"Wyre and Preston North
","Ben Wallace
","Seat held
"
645,"Wyre Forest
","Mark Garnier
","Seat held
"
646,"Wythenshawe and Sale East
","Mike Kane
","Seat held
"
647,"Yeovil
","Marcus Fysh
","Seat held
"
648,"Ynys Môn
","Virginia Crosbie
","Previous incumbent, Albert Owen, did not stand
"
649,"York Central
","Rachael Maskell
","Seat held
"
650,"York Outer
","Julian Sturdy
","Seat held
"
651,,,
